
<?xml version="1.0" encoding="UTF-8" ?>
<!-- This is a WordPress eXtended RSS file generated by WordPress as an export of your site. -->
<!-- It contains information about your site's posts, pages, comments, categories, and other content. -->
<!-- You may use this file to transfer that content from one site to another. -->
<!-- This file is not intended to serve as a complete backup of your site. -->

<!-- To import this information into a WordPress site follow these steps: -->
<!-- 1. Log in to that site as an administrator. -->
<!-- 2. Go to Tools: Import in the WordPress admin panel. -->
<!-- 3. Install the "WordPress" importer from the list. -->
<!-- 4. Activate & Run Importer. -->
<!-- 5. Upload this file using the form provided on that page. -->
<!-- 6. You will first be asked to map the authors in this export file to users -->
<!--    on the site. For each author, you may choose to map to an -->
<!--    existing user on the site or to create a new user. -->
<!-- 7. WordPress will then import each of the posts, pages, comments, categories, etc. -->
<!--    contained in this file into your site. -->

	<!-- generator="WordPress/5.4.1" created="2020-07-11 15:41" -->
<rss version="2.0"
	xmlns:excerpt="http://wordpress.org/export/1.2/excerpt/"
	xmlns:content="http://purl.org/rss/1.0/modules/content/"
	xmlns:wfw="http://wellformedweb.org/CommentAPI/"
	xmlns:dc="http://purl.org/dc/elements/1.1/"
	xmlns:wp="http://wordpress.org/export/1.2/"
>

<channel>
	<title>wptest</title>
	<link>http://www.wptest.me</link>
	<description>Just another WordPress site</description>
	<pubDate>Sat, 11 Jul 2020 15:41:56 +0000</pubDate>
	<language>en-US</language>
	<wp:wxr_version>1.2</wp:wxr_version>
	<wp:base_site_url>http://www.wptest.me</wp:base_site_url>
	<wp:base_blog_url>http://www.wptest.me</wp:base_blog_url>

		<wp:author><wp:author_id>1</wp:author_id><wp:author_login><![CDATA[alessio]]></wp:author_login><wp:author_email><![CDATA[alegue87@gmail.com]]></wp:author_email><wp:author_display_name><![CDATA[alessio]]></wp:author_display_name><wp:author_first_name><![CDATA[]]></wp:author_first_name><wp:author_last_name><![CDATA[]]></wp:author_last_name></wp:author>

		<wp:category>
		<wp:term_id>37</wp:term_id>
		<wp:category_nicename><![CDATA[treasure-island]]></wp:category_nicename>
		<wp:category_parent><![CDATA[]]></wp:category_parent>
		<wp:cat_name><![CDATA[Treasure island]]></wp:cat_name>
	</wp:category>
				
	<generator>https://wordpress.org/?v=5.4.1</generator>

		<item>
		<title>Chapter 1</title>
		<link>http://www.wptest.me/index.php/2020/07/08/chapter-1/</link>
		<pubDate>Wed, 08 Jul 2020 22:50:40 +0000</pubDate>
		<dc:creator><![CDATA[alessio]]></dc:creator>
		<guid isPermaLink="false">http://ciao</guid>
		<description></description>
		<content:encoded><![CDATA[<!-- wp:paragraph -->
<p>The Old Sea Dog at the "Admiral Benbow"</p>
<!-- /wp:paragraph -->

<!-- wp:paragraph -->
<p>Squire Trelawney, Dr. Livesey, and the rest of these gentlemen having asked me to write down the whole particulars about Treasure Island, from the beginning to the end, keeping nothing back but the bearings of the island, and that only because there is still treasure not yet lifted, I take up my pen in the year of grace 17-, and go back to the time when my father kept the "Admiral Benbow" inn, and the brown old seaman, with the sabre cut, first took up his lodging under our roof.</p>
<!-- /wp:paragraph -->

<!-- wp:paragraph -->
<p>I remember him as if it were yesterday, as he came plodding to the inn door, his sea-chest following behind him in a hand-barrow; a tall, strong, heavy, nut-brown man; his tarry pigtail falling over the shoulders of his soiled blue coat; his hands ragged and scarred, with black, broken nails; and the sabre cut across one cheek, a dirty, livid white. I remember him looking round the cove and whistling to himself as he did so, and then breaking out in that old sea-song that he sang so often afterwards:-</p>
<!-- /wp:paragraph -->

<!-- wp:paragraph -->
<p>"Fifteen men on the dead man's chest-</p>
<!-- /wp:paragraph -->

<!-- wp:paragraph -->
<p>Yo-ho-ho, and a bottle of rum!"</p>
<!-- /wp:paragraph -->

<!-- wp:paragraph -->
<p>in the high, old tottering voice that seemed to have been tuned and broken at the capstan bars. Then he rapped on the door with a bit of stick like a handspike that he carried, and when my father appeared, called roughly for a glass of rum. This, when it was brought to him, he drank slowly, like a connoisseur, lingering on the taste, and still looking about him at the cliffs and up at our signboard.</p>
<!-- /wp:paragraph -->

<!-- wp:paragraph -->
<p>"This is a handy cove," says he, at length; "and a pleasant sittyated grog-shop. Much company, mate?"</p>
<!-- /wp:paragraph -->

<!-- wp:paragraph -->
<p>My father told him no, very little company, the more was the pity.</p>
<!-- /wp:paragraph -->

<!-- wp:paragraph -->
<p>"Well, then," said he, "this is the berth for me. Here you, matey," he cried to the man who trundled the barrow; "bring up alongside and help up my chest. I'll stay here a bit," he continued. "I'm a plain man; rum and bacon and eggs is what I want, and that head up there for to watch ships off. What you mought call me? You mought call me captain. Oh, I see what you're at-there;" and he threw down three or four gold pieces on the threshold. "You can tell me when I've worked through that," says he, looking as fierce as a commander.</p>
<!-- /wp:paragraph -->

<!-- wp:paragraph -->
<p>And, indeed, bad as his clothes were, and coarsely as he spoke, he had none of the appearance of a man who sailed before the mast; but seemed like a mate or skipper, accustomed to be obeyed or to strike. The man who came with the barrow told us the mail had set him down the morning before at the "Royal George;" that he had inquired what inns there were along the coast, and hearing ours well spoken of, I suppose, and described as lonely, had chosen it from the others for his place of residence. And that was all we could learn of our guest.</p>
<!-- /wp:paragraph -->

<!-- wp:paragraph -->
<p>He was a very silent man by custom. All day he hung round the cove, or upon the cliffs, with a brass telescope; all evening he sat in a corner of the parlour next the fire, and drank rum and water very strong. Mostly he would not speak when spoken to; only look up sudden and fierce, and blow through his nose like a fog-horn; and we and the people who came about our house soon learned to let him be. Every day, when he came back from his stroll, he would ask if any seafaring men had gone by along the road? At first we thought it was the want of company of his own kind that made him ask this question; but at last we began to see he was desirous to avoid them. When a seaman put up at the "Admiral Benbow" (as now and then some did, making by the coast road for Bristol), he would look in at him through the curtained door before he entered the parlour; and he was always sure to be as silent as a mouse when any such was present. For me, at least, there was no secret about the matter; for I was, in a way, a sharer in his alarms. He had taken me aside one day, and promised me a silver fourpenny on the first of every month if I would only keep my "weather-eye open for a seafaring man with one leg," and let him know the moment he appeared. Often enough, when the first of the month came round, and I applied to him for my wage, he would only blow through his nose at me, and stare me down; but before the week was out he was sure to think better of it, bring me my fourpenny piece, and repeat his orders to look out for "the seafaring man with one leg."</p>
<!-- /wp:paragraph -->

<!-- wp:paragraph -->
<p>How that personage haunted my dreams, I need scarcely tell you. On stormy nights, when the wind shook the four corners of the house, and the surf roared along the cove and up the cliffs, I would see him in a thousand forms, and with a thousand diabolical expressions. Now the leg would be cut off at the knee, now at the hip; now he was a monstrous kind of a creature who had never had but the one leg, and that in the middle of his body. To see him leap and run and pursue me over hedge and ditch was the worst of nightmares. And altogether I paid pretty dear for my monthly fourpenny piece, in the shape of these abominable fancies.</p>
<!-- /wp:paragraph -->

<!-- wp:paragraph -->
<p>But though I was so terrified by the idea of the seafaring man with one leg, I was far less afraid of the captain himself than anybody else who knew him. There were nights when he took a deal more rum and water than his head would carry; and then he would sometimes sit and sing his wicked, old, wild sea-songs, minding nobody; but sometimes he would call for glasses round, and force all the trembling company to listen to his stories or bear a chorus to his singing. Often I have heard the house shaking with "Yo-ho-ho, and a bottle of rum;" all the neighbours joining in for dear life, with the fear of death upon them, and each singing louder than the other, to avoid remark. For in these fits he was the most over-riding companion ever known; he would slap his hand on the table for silence all round; he would fly up in a passion of anger at a question, or sometimes because none was put, and so he judged the company was not following his story. Nor would he allow any one to leave the inn till he had drunk himself sleepy and reeled off to bed.</p>
<!-- /wp:paragraph -->

<!-- wp:paragraph -->
<p>His stories were what frightened people worst of all. Dreadful stories they were; about hanging, and walking the plank, and storms at sea, and the Dry Tortugas, and wild deeds and places on the Spanish Main. By his own account he must have lived his life among some of the wickedest men that God ever allowed upon the sea; and the language in which he told these stories shocked our plain country people almost as much as the crimes that he described. My father was always saying the inn would be ruined, for people would soon cease coming there to be tyrannised over and put down, and sent shivering to their beds; but I really believe his presence did us good. People were frightened at the time, but on looking back they rather liked it; it was a fine excitement in a quiet country life; and there was even a party of the younger men who pretended to admire him, calling him a "true sea-dog," and a "real old salt," and such like names, and saying there was the sort of man that made England terrible at sea.</p>
<!-- /wp:paragraph -->

<!-- wp:paragraph -->
<p>In one way, indeed, he bade fair to ruin us; for he kept on staying week after week, and at last month after month, so that all the money had been long exhausted, and still my father never plucked up the heart to insist on having more. If ever he mentioned it, the captain blew through his nose so loudly, that you might say he roared, and stared my poor father out of the room. I have seen him wringing his hands after such a rebuff, and I am sure the annoyance and the terror he lived in must have greatly hastened his early and unhappy death.</p>
<!-- /wp:paragraph -->

<!-- wp:paragraph -->
<p>All the time he lived with us the captain made no change whatever in his dress but to buy some stockings from a hawker. One of the cocks of his hat having fallen down, he let it hang from that day forth, though it was a great annoyance when it blew. I remember the appearance of his coat, which he patched himself up-stairs in his room, and which, before the end, was nothing but patches. He never wrote or received a letter, and he never spoke with any but the neighbours, and with these, for the most part, only when drunk on rum. The great sea-chest none of us had ever seen open.</p>
<!-- /wp:paragraph -->

<!-- wp:paragraph -->
<p>He was only once crossed, and that was towards the end, when my poor father was far gone in a decline that took him off. Dr. Livesey came late one afternoon to see the patient, took a bit of dinner from my mother, and went into the parlour to smoke a pipe until his horse should come down from the hamlet, for we had no stabling at the old "Benbow." I followed him in, and I remember observing the contrast the neat, bright doctor, with his powder as white as snow, and his bright, black eyes and pleasant manners, made with the coltish country folk, and above all, with that filthy, heavy, bleared scarecrow of a pirate of ours, sitting far gone in rum, with his arms on the table. Suddenly he-the captain, that is-began to pipe up his eternal song:-</p>
<!-- /wp:paragraph -->

<!-- wp:paragraph -->
<p>"Fifteen men on the dead man's chest-</p>
<!-- /wp:paragraph -->

<!-- wp:paragraph -->
<p>Yo-ho-ho, and a bottle of rum!</p>
<!-- /wp:paragraph -->

<!-- wp:paragraph -->
<p>Drink and the devil had done for the rest-</p>
<!-- /wp:paragraph -->

<!-- wp:paragraph -->
<p>Yo-ho-ho, and a bottle of rum!"</p>
<!-- /wp:paragraph -->

<!-- wp:paragraph -->
<p>At first I had supposed "the dead man's chest" to be that identical big box of his up-stairs in the front room, and the thought had been mingled in my nightmares with that of the one-legged seafaring man. But by this time we had all long ceased to pay any particular notice to the song; it was new, that night, to nobody but Dr. Livesey, and on him I observed it did not produce an agreeable effect, for he looked up for a moment quite angrily before he went on with his talk to old Taylor, the gardener, on a new cure for the rheumatics. In the meantime, the captain gradually brightened up at his own music, and at last flapped his hand upon the table before him in a way we all knew to mean-silence. The voices stopped at once, all but Dr. Livesey's; he went on as before, speaking clear and kind, and drawing briskly at his pipe between every word or two. The captain glared at him for a while, flapped his hand again, glared still harder, and at last broke out with a villainous, low oath: "Silence, there, between decks!"</p>
<!-- /wp:paragraph -->

<!-- wp:paragraph -->
<p>"Were you addressing me, sir?" says the doctor; and when the ruffian had told him, with another oath, that this was so, "I have only one thing to say to you, sir," replies the doctor, "that if you keep on drinking rum, the world will soon be quit of a very dirty scoundrel!"</p>
<!-- /wp:paragraph -->

<!-- wp:paragraph -->
<p>The old fellow's fury was awful. He sprang to his feet, drew and opened a sailor's clasp-knife, and, balancing it open on the palm of his hand, threatened to pin the doctor to the wall.</p>
<!-- /wp:paragraph -->

<!-- wp:paragraph -->
<p>The doctor never so much as moved. He spoke to him, as before, over his shoulder, and in the same tone of voice; rather high, so that all the room might hear, but perfectly calm and steady:-</p>
<!-- /wp:paragraph -->

<!-- wp:paragraph -->
<p>"If you do not put that knife this instant in your pocket, I promise, upon my honour, you shall hang at the next assizes."</p>
<!-- /wp:paragraph -->

<!-- wp:paragraph -->
<p>Then followed a battle of looks between them; but the captain soon knuckled under, put up his weapon, and resumed his seat, grumbling like a beaten dog.</p>
<!-- /wp:paragraph -->

<!-- wp:paragraph -->
<p>"And now, sir," continued the doctor, "since I now know there's such a fellow in my district, you may count I'll have an eye upon you day and night. I'm not a doctor only; I'm a magistrate; and if I catch a breath of complaint against you, if it's only for a piece of incivility like to-night's, I'll take effectual means to have you hunted down and routed out of this. Let that suffice."</p>
<!-- /wp:paragraph -->

<!-- wp:paragraph -->
<p>Soon after Dr. Livesey's horse came to the door, and he rode away; but the captain held his peace that evening, and for many evenings to come.</p>
<!-- /wp:paragraph -->]]></content:encoded>
		<excerpt:encoded><![CDATA[]]></excerpt:encoded>
		<wp:post_id>74</wp:post_id>
		<wp:post_date><![CDATA[2020-07-08 22:50:40]]></wp:post_date>
		<wp:post_date_gmt><![CDATA[2020-07-08 22:50:40]]></wp:post_date_gmt>
		<wp:comment_status><![CDATA[open]]></wp:comment_status>
		<wp:ping_status><![CDATA[open]]></wp:ping_status>
		<wp:post_name><![CDATA[chapter-1]]></wp:post_name>
		<wp:status><![CDATA[publish]]></wp:status>
		<wp:post_parent>0</wp:post_parent>
		<wp:menu_order>0</wp:menu_order>
		<wp:post_type><![CDATA[post]]></wp:post_type>
		<wp:post_password><![CDATA[]]></wp:post_password>
		<wp:is_sticky>0</wp:is_sticky>
										<category domain="post_tag" nicename="chapter-1"><![CDATA[chapter-1]]></category>
		<category domain="post_tag" nicename="eng"><![CDATA[eng]]></category>
		<category domain="category" nicename="treasure-island"><![CDATA[Treasure island]]></category>
						<wp:postmeta>
		<wp:meta_key><![CDATA[_edit_last]]></wp:meta_key>
		<wp:meta_value><![CDATA[1]]></wp:meta_value>
		</wp:postmeta>
							<wp:postmeta>
		<wp:meta_key><![CDATA[_wp_old_date]]></wp:meta_key>
		<wp:meta_value><![CDATA[2020-07-07]]></wp:meta_value>
		</wp:postmeta>
							</item>
					<item>
		<title>Capitolo 1</title>
		<link>http://www.wptest.me/index.php/2020/07/10/capitolo-1/</link>
		<pubDate>Fri, 10 Jul 2020 08:17:32 +0000</pubDate>
		<dc:creator><![CDATA[alessio]]></dc:creator>
		<guid isPermaLink="false">http://www.wptest.me/?p=76</guid>
		<description></description>
		<content:encoded><![CDATA[<!-- wp:paragraph -->
<p>Il vecchio lupo di mare all'"Ammiraglio Benbow"</p>
<!-- /wp:paragraph -->

<!-- wp:paragraph -->
<p>Pregato dal cavalier Trelawney, dal dottor Livesey e dal resto della brigata, di scrivere la storia della nostra avventura all'Isola del Tesoro, con tutti i suoi particolari, nessuno eccettuato, salvo la posizione dell'isola; e ciò perché una parte del tesoro ancora vi è nascosta, - io prendo la penna nell'anno di grazia 17… e mi rifaccio al tempo in cui il mio padre gestiva la locanda dell'"Ammiraglio Benbow" e il vecchio uomo di mare dal viso abbronzato e sfregiato da un colpo di sciabola prese alloggio presso di noi.</p>
<!-- /wp:paragraph -->

<!-- wp:paragraph -->
<p>Lo ricordo come fosse ieri, quando entrò con quel suo passo pesante, seguito dalla carriola che portava il baule. Alto, poderoso, bruno, con un codino incatramato che gli ricadeva sopra il suo bisunto abito blu: le mani rugose e ricoperte di cicatrici, con le unghie rotte e orlate di nero; e, attraverso la guancia, il taglio del colpo di sciabola d'un bianco livido e sporco. Roteò in giro un'occhiata fischiettando fra sé, e poi, con la sua vecchia stridula e tremula voce ritmata e arrochita dalle manovre dell'àrgano, intonò quell'antica canzone di mare che doveva più tardi così spesso percuotere i nostri orecchi:</p>
<!-- /wp:paragraph -->

<!-- wp:paragraph -->
<p>"Quindici sulla cassa del morto, Quindici uomini yò-hò-hò,</p>
<!-- /wp:paragraph -->

<!-- wp:paragraph -->
<p>E una bottiglia di rum per conforto!"</p>
<!-- /wp:paragraph -->

<!-- wp:paragraph -->
<p>Poi con un pezzo di bastone simile a una manovella batté contro la porta, e come mio padre apparve, ordinò bruscamente un bicchiere di rum. Appena gli fu portato, lo bevve lentamente assaporandolo all'uso dei conoscitori, e intanto seguitava a guardare intorno a sé esaminando le colline e la nostra insegna.</p>
<!-- /wp:paragraph -->

<!-- wp:paragraph -->
<p>"Questo è un luogo adatto" disse alfine "e ottimamente situato. Molta gente, amico mio?"</p>
<!-- /wp:paragraph -->

<!-- wp:paragraph -->
<p>Mio padre rispose che no; poca assai: una desolazione.</p>
<!-- /wp:paragraph -->

<!-- wp:paragraph -->
<p>"Bene. E' l'ancoraggio che fa per me. Ehi, tu" gridò all'uomo della carriola "vieni, e aiuta a portar su il mio baule. Resterò qui un pezzetto" continuò. "Sono un uomo alla buona, io: rum, prosciutto, uova: altro non mi serve, e quella punta lassù per osservar le navi che passano. Il mio nome? Capitano, potete chiamarmi. Ah, capisco, capisco ciò che vi preoccupa… Prendete!" E gettò sul banco tre o quattro monete d'oro. "Mi avvertirete quando sarà finito" aggiunse, con uno sguardo fiero, da comandante.</p>
<!-- /wp:paragraph -->

<!-- wp:paragraph -->
<p>In verità, malgrado i suoi abiti frusti e il suo rozzo parlare, egli non aveva l'aria d'un marinaio: si sarebbe piuttosto detto un secondo o un padrone di nave, abituato a vedersi ubbidito o a picchiare. L'uomo della carriola ci riferì ch'era sbarcato dalla corriera la mattina davanti al "Giorgio Reale", che s'era informato degli alberghi lungo la costa, e udito parlar bene del nostro, lo aveva prescelto in grazia del suo isolamento. Questo fu tutto quanto potemmo sapere sul conto del nostro ospite.</p>
<!-- /wp:paragraph -->

<!-- wp:paragraph -->
<p>Egli era assai taciturno. Passava la sua giornata gironzolando intorno alla cala, o per le colline, provvisto d'un cannocchiale marino; e tutta la sera rimaneva in un angolo della sala accanto al fuoco, a bere dei grog molto forti. A chi gli rivolgeva la parola evitava per lo più di rispondere: dava un rapido e iroso sguardo, e soffiava per le narici come una tromba d'allarme; sicché tanto noi che gli avventori imparammo presto a lasciarlo stare. Ogni giorno, quando rientrava dalla sua passeggiata, non tralasciava di chiedere se qualche marinaio si fosse visto lungo la strada. Noi credevamo dapprima fosse la mancanza d'una compagnia di gente della sua specie che lo spingesse a tali domande; finimmo però col capire che, al contrario, ciò che gli premeva era evitare incontri. Quando un marinaio scendeva all'"Ammiraglio Benbow" (come talvolta accadeva a chi si recava a Bristol per la strada costiera) egli puntava il nuovo arrivato attraverso la cortina dell'uscio prima di decidersi a passar nella sala, e finché quello non alzava i tacchi, stava muto come un pesce. Questo contegno non aveva peraltro nulla di misterioso ai miei occhi, giacché io in certomodo dividevo le preoccupazioni del capitano. Un giorno tirandomi in disparte m'aveva promesso un pezzo d'argento di quattro pence per ogni primo del mese, a patto che io facessi buona guardia e l'avvisassi non appena comparisse un "marinaio con una gamba sola". Spesso accadeva che giungeva il primo del mese, ed io dovevo richiedergli il mio salario: egli allora mi rispondeva con quel suo pauroso soffiare attraverso le narici, e con una guardataccia che mi atterriva: ma la settimana non passava mai senza ch'egli si ravvedesse e mi consegnasse i miei quattro pence ripetendomi l'ordine di stare attento al marinaio con una gamba sola.</p>
<!-- /wp:paragraph -->

<!-- wp:paragraph -->
<p>Non saprei dire come questo personaggio fosse diventato l'incubo dei miei sogni. Nelle notti di tempesta, quando il vento scoteva i quattro angoli della casa e i cavalloni infuriati mugghiavano lungo la cala e contro le rupi, io me lo vedevo apparir dinanzi in mille forme e con mille diaboliche espressioni.Ora aveva la gamba tagliata fino al ginocchio, ora fino all'anca; ora non era più uomo, ma una sorta di mostro nato proprio così, con una gamba sola, e questa nel bel mezzo del corpo. Vederlo saltare, correre e inseguirmi scavalcando siepi e fossati, era il più tremendo degli incubi. E così, con tali bieche visioni, io pagavo abbastanza caro il premio dei miei quattro pence mensili. </p>
<!-- /wp:paragraph -->

<!-- wp:paragraph -->
<p>Ma, curioso a dirsi, malgrado il terrore che il marinaio dalla gamba sola m'incuteva, io ero poi di fronte al capitano in persona il meno pauroso fra tutti quanti l'avvicinavano. Certe sere egli beveva assai più grog che non potesse sopportare; allora si tratteneva lì a cantare le sue vecchie, sinistre, selvagge canzoni di mare non curandosi d'alcuno; altre volte offriva da bere in giro e costringeva la intimidita brigata ad ascoltar le sue storie o accompagnare in coro i suoi ritornelli. Quante volte ho udito la casa rintronare di "Yò-hò hò e una bottiglia di rum", mentre i vicini, col timore della morte sul capo, l'accompagnavano con tutta l'anima, cercando ognuno di superare l'altro, a scanso di appunti! Perché in questi accessi egli era l'uomo più insolente e prepotente del mondo: ora imponeva silenzio battendo con la palma sulla tavola, ora pigliava fuoco per una domanda che gli era rivolta, o perché nessuno osservava nulla, il che per lui era segno che la compagnia non s'interessava al racconto. E non tollerava che si lasciasse la sala prima che egli ubriaco fradicio non avesse, barcollando, raggiunto il suo letto.</p>
<!-- /wp:paragraph -->

<!-- wp:paragraph -->
<p>Ciò che soprattutto sbigottiva l'uditorio erano le sue storie. Spaventevoli storie d'impiccagioni, d'annegamenti, di burrasche di mare, delle Isole delle Tartarughe, e di gesta e luoghi selvaggi in terre spagnole. A sentir lui, era vissuto fra la più dannata razza che Iddio seminasse per i mari; e il suo linguaggio brutale urtava i nostri semplici paesani quasi al pari dei delitti ch'egli descriveva. Mio padre sempre andava lamentando che quell'uomo sarebbe stato la rovina dell'albergo, poiché ben presto la gente si sarebbe stancata di venir lì per essere tiranneggiata, avvilita e spedita a battere i denti nei propri letti; ma io credo invece che la sua presenza ci fosse profittevole. E' vero che sul momento gli avventori ci rimanevano male; ma poi provavano non so che gusto a tornarci su col pensiero, e quasi amavano ciò che dava una scossa alla monotona e sonnacchiosa vita del paese. C'era persino tra i più giovani chi per lui ostentava ammirazione, qualificandolo "un vero lupo di mare", un "autentico tizzo d'inferno", e dicendo ch'erano gli uomini di siffatta tempra che rendevano l'Inghilterra formidabile sul mare.</p>
<!-- /wp:paragraph -->

<!-- wp:paragraph -->
<p>Veramente, in certo modo, egli lavorava alla nostra rovina, giacché settimane e settimane e poi mesi e mesi si susseguivano senza ch'egli desse segno di voler sloggiare, e intanto da lunga data il suo denaro era finito e a mio padre non aveva l'animo di insistere per averne dell'altra. Se appena egli vi alludeva, il capitano soffiava attraverso il naso talmente forte che pareva ruggisse, e con una fulminante occhiata cacciava via dalla sala il mio povero padre. Io lo vedevo, mio padre, disperatotorcersi le mani dopo tali rabbuffi, e credo che l'affanno e il terrore nei quali viveva affrettassero grandemente la sua immatura e disgraziata fine.</p>
<!-- /wp:paragraph -->

<!-- wp:paragraph -->
<p>Tutto il tempo che rimase con noi il capitano non mutò mai nulla del suo vestiario, eccetto qualche calza comprata da un merciaio ambulante. Essendosi rotto uno degli angoli del suo cappello a tricorno, egli lo lasciava spenzolar giù sebbene gli desse abbastanza noia quando tirava vento. Rivedo l'aspetto dell'abito ch'egli stesso rappezzava nella sua stanza di sopra e che, già prima della fine, era un mosaico di toppe. Mai scrisse né ricevette una lettera; mai parlava con alcuno fuorché coi vicini; e con questi, per lo più, solo quand'era ubriaco di rum. Nessuno di noi mai aveva visto aperto il grosso baule marino.</p>
<!-- /wp:paragraph -->

<!-- wp:paragraph -->
<p>Una volta soltanto il nostro uomo trovò chi gli tenne testa, e fu verso la fine, quando il mio povero padre era già molto minato dal male che doveva condurlo alla tomba. Il dottor Livesey giunse a sera a veder l'infermo; si fece servire un boccone da mia madre, poi se ne andò a fumare una pipata nella sala, in attesa che il suo ca vallo gli fosse ricondotto dal villaggio, giacché al vecchio "Benbow" non avevamo stallaggio. Io ve lo seguii, e rammento ancora lo stridente contrasto che faceva il lindo e rilisciato dottore con la sua parrucca candida come neve, i suoi neri e scintillanti occhi e le sue compite maniere, con la rustica plebaglia e soprattutto con quel sudicio torvo e ripugnante spauracchio di pirata, acciaccato laggiù in quell'angolo dal rum, con le braccia sulla tavola. D'improvviso costui - dico il capitano - intonò la sua eterna canzone:</p>
<!-- /wp:paragraph -->

<!-- wp:paragraph -->
<p>"Quindici sulla cassa del morto,</p>
<!-- /wp:paragraph -->

<!-- wp:paragraph -->
<p>Yò-hò-hò, e una bottiglia di rum!</p>
<!-- /wp:paragraph -->

<!-- wp:paragraph -->
<p>Satana agli altri non ha fatto torto, Con la bevanda li ha spediti in porto.</p>
<!-- /wp:paragraph -->

<!-- wp:paragraph -->
<p>Yò-hò-hò, e una bottiglia di rum!"</p>
<!-- /wp:paragraph -->

<!-- wp:paragraph -->
<p>Io avevo da prima creduto che la "cassa del morto" fosse la stessa grossa cassa ch'egli teneva di sopra nella stanza davanti; e questa idea s'era fusa nei miei incubi con l'immagine del marinaio dalla gamba sola. Ma da lungo tempo ormai noi avevamo cessato di far attenzione al ritornello; solo agli orecchi del dottor Livesey quella sera giungeva nuovo; ed io m'accorsi dell'impressione tutt'altro che gradevole ch'egli ne riceveva, giacché alzò gli occhi e guardò per un momento con aria irritata prima di decidersi a continuare col vecchio giardiniere Taylor il suo discorso intorno a una nuova cura delle affezioni reumatiche. Frattanto il capitano s'andava accendendo della sua musica e alzando il tono; e alla fine schiaffò sulla tavola con la palma quel tal colpo che noi tutti sapevamo significava: Silenzio! Nessuna voce fu più udita, ad eccezione di quella del dottor Livesey, che continuò a parlare come prima, chiaro e cortese, tirando tra una frase e l'altra una vistosa boccata di fumo. Il capitano lo fissò bieco un istante, batté un nuovo colpo con la palma, gli lanciò un'altra occhiataccia, e, accompagnando la frase con una triviale bestemmia, gridò: "Silenzio, laggiù a prua!"</p>
<!-- /wp:paragraph -->

<!-- wp:paragraph -->
<p>"E' a me che il signore intende parlare?" disse il dottore; e non appena il ribaldo gli ebbe, con un'altra bestemmia, risposto affermativamente, "io non ho che una cosa da dirvi" replicò il dottore "ed è che se voi continuate a tracannare rum, il mondo sarà presto liberato dauno schifoso miserabile."</p>
<!-- /wp:paragraph -->

<!-- wp:paragraph -->
<p>Spaventevole fu lo scoppio d'ira del vecchio gaglioffo. Scattò in piedi, trasse e aprì un coltello a serramanico, e bilanciandolo sulla palma della mano, stava per inchiodare al muro l'avversario.</p>
<!-- /wp:paragraph -->

<!-- wp:paragraph -->
<p>Il dottore non si mosse. Parlandogli di sopra la spalla, con lo stesso tono di voce, piuttosto rinforzato, per modo che l'intiera sala potesse udire, ma perfettamente tranquillo e fermo, disse:</p>
<!-- /wp:paragraph -->

<!-- wp:paragraph -->
<p>"Se non rimettete immediatamente in tasca quel coltello, vi giuro sul mio onore che alle prossime assise sarete impiccato."</p>
<!-- /wp:paragraph -->

<!-- wp:paragraph -->
<p>Seguì tra i due una battaglia di sguardi: ma presto il capitano si arrese: ripose l'arma e riprese il suo posto tremando come un cane bastonato.</p>
<!-- /wp:paragraph -->

<!-- wp:paragraph -->
<p>"E ora, signore" continuò il dottore "dal momento che io so che razza d'arnese c'è nel mio distretto, potete star sicuro che sarete sorvegliato giorno e notte. Io non sono soltanto dottore: sono anche magistrato, e se appena mi giunge una lagnanza sul conto vostro, fosse magari per una smargiassata come quella di stasera, provvederò a farvi spazzar via di qui. Siete avvisato."</p>
<!-- /wp:paragraph -->

<!-- wp:paragraph -->
<p>Poco dopo il cavallo del dottor Livesey giunse alla porta, ed egli partì; ma per quella sera e molt'altre successive il capitano rimase tranquillo.</p>
<!-- /wp:paragraph -->]]></content:encoded>
		<excerpt:encoded><![CDATA[]]></excerpt:encoded>
		<wp:post_id>76</wp:post_id>
		<wp:post_date><![CDATA[2020-07-10 08:17:32]]></wp:post_date>
		<wp:post_date_gmt><![CDATA[2020-07-10 08:17:32]]></wp:post_date_gmt>
		<wp:comment_status><![CDATA[open]]></wp:comment_status>
		<wp:ping_status><![CDATA[open]]></wp:ping_status>
		<wp:post_name><![CDATA[capitolo-1]]></wp:post_name>
		<wp:status><![CDATA[publish]]></wp:status>
		<wp:post_parent>0</wp:post_parent>
		<wp:menu_order>0</wp:menu_order>
		<wp:post_type><![CDATA[post]]></wp:post_type>
		<wp:post_password><![CDATA[]]></wp:post_password>
		<wp:is_sticky>0</wp:is_sticky>
										<category domain="post_tag" nicename="chapter-1"><![CDATA[chapter-1]]></category>
		<category domain="post_tag" nicename="ita"><![CDATA[ita]]></category>
		<category domain="category" nicename="treasure-island"><![CDATA[Treasure island]]></category>
						<wp:postmeta>
		<wp:meta_key><![CDATA[_edit_last]]></wp:meta_key>
		<wp:meta_value><![CDATA[1]]></wp:meta_value>
		</wp:postmeta>
							</item>
					<item>
		<title>Chapter 2</title>
		<link>http://www.wptest.me/index.php/2020/07/10/chapter-2/</link>
		<pubDate>Fri, 10 Jul 2020 15:02:49 +0000</pubDate>
		<dc:creator><![CDATA[alessio]]></dc:creator>
		<guid isPermaLink="false">http://www.wptest.me/?p=344</guid>
		<description></description>
		<content:encoded><![CDATA[<!-- wp:paragraph -->
<p>Black Dog Appears and Disappears</p>
<!-- /wp:paragraph -->

<!-- wp:paragraph -->
<p>It was not very long after this that there occurred the first of the mysterious events that rid us at last of the captain, though not, as you will see, of his affairs. It was a bitter cold winter, with long, hard frosts and heavy gales; and it was plain from the first that my poor father was little likely to see the spring. He sank daily, and my mother and I had all the inn upon our hands; and were kept busy enough, without paying much regard to our unpleasant guest.</p>
<!-- /wp:paragraph -->

<!-- wp:paragraph -->
<p>It was one January morning, very early-a pinching, frosty morning-the cove all grey with hoar-frost, the ripple lapping softly on the stones, the sun still low and only touching the hilltops and shining far to seaward. The captain had risen earlier than usual, and set out down the beach, his cutlass swinging under the broad skirts of the old blue coat, his brass telescope under his arm, his hat tilted back upon his head. I remember his breath hanging like smoke in his wake as he strode off, and the last sound I heard of him, as he turned the big rock, was a loud snort of indignation, as though his mind was still running upon Dr. Livesey.</p>
<!-- /wp:paragraph -->

<!-- wp:paragraph -->
<p>Well, mother was up-stairs with father; and I was laying the breakfast-table against the captain's return, when the parlour door opened, and a man stepped in on whom I had never set my eyes before. He was a pale, tallowy creature, wanting two fingers of the left hand; and, though he wore a cutlass, he did not look much like a fighter. I had always my eye open for seafaring men, with one leg or two, and I remember this one puzzled me. He was not sailorly, and yet he had a smack of the sea about him too.</p>
<!-- /wp:paragraph -->

<!-- wp:paragraph -->
<p>­I asked him what was for his service, and he said he would take rum; but as I was going out of the room to fetch it, he sat down upon a table and motioned me to draw near. I paused where I was, with my napkin in my hand.</p>
<!-- /wp:paragraph -->

<!-- wp:paragraph -->
<p>“Come here, sonny,” says he. “Come nearer here.”</p>
<!-- /wp:paragraph -->

<!-- wp:paragraph -->
<p>I took a step nearer.</p>
<!-- /wp:paragraph -->

<!-- wp:paragraph -->
<p>“Is this here table for my mate Bill?” he asked with a kind of leer.</p>
<!-- /wp:paragraph -->

<!-- wp:paragraph -->
<p>I told him I did not know his mate Bill, and this was for a person who stayed in our house whom we called the captain.</p>
<!-- /wp:paragraph -->

<!-- wp:paragraph -->
<p>“Well,” said he, “my mate Bill would be called the captain, as like as not. He has a cut on one cheek and a mighty pleasant way with him, particularly in drink, has my mate Bill. We’ll put it, for argument like, that your captain has a cut on one cheek—and we’ll put it, if you like, that that cheek’s the right one. Ah, well! I told you. Now, is my mate Bill in this here house?”</p>
<!-- /wp:paragraph -->

<!-- wp:paragraph -->
<p>I told him he was out walking.</p>
<!-- /wp:paragraph -->

<!-- wp:paragraph -->
<p>“Which way, sonny? Which way is he gone?”</p>
<!-- /wp:paragraph -->

<!-- wp:paragraph -->
<p>And when I had pointed out the rock and told him how the captain was likely to return, and how soon, and answered a few other questions, “Ah,” said he, “this’ll be as good as drink to my mate Bill.”</p>
<!-- /wp:paragraph -->

<!-- wp:paragraph -->
<p>The expression of his face as he said these words was not at all pleasant, and I had my own reasons for thinking that the stranger was mistaken, even supposing he meant what he said. But it was no affair of mine, I thought; and besides, it was difficult to know what to do. The stranger kept hanging about just inside the inn door, peering round the corner like a cat waiting for a mouse. Once I stepped out myself into the road, but he immediately called me back, and as I did not obey quick enough for his fancy, a most horrible change came over his tallowy face, and he ordered me in with an oath that made me jump. As soon as I was back again he returned to his former manner, half fawning, half sneering, patted me on the shoulder, told me I was a good boy and he had taken quite a fancy to me. “I have a son of my own,” said he, “as like you as two blocks, and he’s all the pride of my ’art. But the great thing for boys is discipline, sonny—discipline. Now, if you had sailed along of Bill, you wouldn’t have stood there to be spoke to twice—not you. That was never Bill’s way, nor the way of sich as sailed with him. And here, sure enough, is my mate Bill, with a spy-glass under his arm, bless his old ’art, to be sure. You and me’ll just go back into the parlour, sonny, and get behind the door, and we’ll give Bill a little surprise—bless his ’art, I say again.”</p>
<!-- /wp:paragraph -->

<!-- wp:paragraph -->
<p>So saying, the stranger backed along with me into the parlour and put me behind him in the corner so that we were both hidden by the open door. I was very uneasy and alarmed, as you may fancy, and it rather added to my fears to observe that the stranger was certainly frightened himself. He cleared the hilt of his cutlass and loosened the blade in the sheath; and all the time we were waiting there he kept swallowing as if he felt what we used to call a lump in the throat.</p>
<!-- /wp:paragraph -->

<!-- wp:paragraph -->
<p>At last in strode the captain, slammed the door behind him, without looking to the right or left, and marched straight across the room to where his breakfast awaited him.</p>
<!-- /wp:paragraph -->

<!-- wp:paragraph -->
<p>“Bill,” said the stranger in a voice that I thought he had tried to make bold and big.</p>
<!-- /wp:paragraph -->

<!-- wp:paragraph -->
<p>The captain spun round on his heel and fronted us; all the brown had gone out of his face, and even his nose was blue; he had the look of a man who sees a ghost, or the evil one, or something worse, if anything can be; and upon my word, I felt sorry to see him all in a moment turn so old and sick.</p>
<!-- /wp:paragraph -->

<!-- wp:paragraph -->
<p>“Come, Bill, you know me; you know an old shipmate, Bill, surely,” said the stranger.</p>
<!-- /wp:paragraph -->

<!-- wp:paragraph -->
<p>The captain made a sort of gasp.</p>
<!-- /wp:paragraph -->

<!-- wp:paragraph -->
<p>“Black Dog!” said he.</p>
<!-- /wp:paragraph -->

<!-- wp:paragraph -->
<p>“And who else?” returned the other, getting more at his ease. “Black Dog as ever was, come for to see his old shipmate Billy, at the Admiral Benbow inn. Ah, Bill, Bill, we have seen a sight of times, us two, since I lost them two talons,” holding up his mutilated hand.</p>
<!-- /wp:paragraph -->

<!-- wp:paragraph -->
<p>“Now, look here,” said the captain; “you’ve run me down; here I am; well, then, speak up; what is it?”</p>
<!-- /wp:paragraph -->

<!-- wp:paragraph -->
<p>“That’s you, Bill,” returned Black Dog, “you’re in the right of it, Billy. I’ll have a glass of rum from this dear child here, as I’ve took such a liking to; and we’ll sit down, if you please, and talk square, like old shipmates.”</p>
<!-- /wp:paragraph -->

<!-- wp:paragraph -->
<p>When I returned with the rum, they were already seated on either side of the captain’s breakfast-table—Black Dog next to the door and sitting sideways so as to have one eye on his old shipmate and one, as I thought, on his retreat.</p>
<!-- /wp:paragraph -->

<!-- wp:paragraph -->
<p>He bade me go and leave the door wide open. “None of your keyholes for me, sonny,” he said; and I left them together and retired into the bar.</p>
<!-- /wp:paragraph -->

<!-- wp:paragraph -->
<p>For a long time, though I certainly did my best to listen, I could hear nothing but a low gabbling; but at last the voices began to grow higher, and I could pick up a word or two, mostly oaths, from the captain.</p>
<!-- /wp:paragraph -->

<!-- wp:paragraph -->
<p>“No, no, no, no; and an end of it!” he cried once. And again, “If it comes to swinging, swing all, say I.”</p>
<!-- /wp:paragraph -->

<!-- wp:paragraph -->
<p>Then all of a sudden there was a tremendous explosion of oaths and other noises—the chair and table went over in a lump, a clash of steel followed, and then a cry of pain, and the next instant I saw Black Dog in full flight, and the captain hotly pursuing, both with drawn cutlasses, and the former streaming blood from the left shoulder. Just at the door the captain aimed at the fugitive one last tremendous cut, which would certainly have split him to the chine had it not been intercepted by our big signboard of Admiral Benbow. You may see the notch on the lower side of the frame to this day.</p>
<!-- /wp:paragraph -->

<!-- wp:paragraph -->
<p>That blow was the last of the battle. Once out upon the road, Black Dog, in spite of his wound, showed a wonderful clean pair of heels and disappeared over the edge of the hill in half a minute. The captain, for his part, stood staring at the signboard like a bewildered man. Then he passed his hand over his eyes several times and at last turned back into the house.</p>
<!-- /wp:paragraph -->

<!-- wp:paragraph -->
<p>“Jim,” says he, “rum”; and as he spoke, he reeled a little, and caught himself with one hand against the wall. “Are you hurt?” cried I.</p>
<!-- /wp:paragraph -->

<!-- wp:paragraph -->
<p>“Rum,” he repeated. “I must get away from here. Rum! Rum!”</p>
<!-- /wp:paragraph -->

<!-- wp:paragraph -->
<p>I ran to fetch it, but I was quite unsteadied by all that had fallen out, and I broke one glass and fouled the tap, and while I was still getting in my own way, I heard a loud fall in the parlour, and running in, beheld the captain lying full length upon the floor. At the same instant my mother, alarmed by the cries and fighting, came running downstairs to help me. Between us we raised his head. He was breathing very loud and hard, but his eyes were closed and his face a horrible colour.</p>
<!-- /wp:paragraph -->

<!-- wp:paragraph -->
<p>“Dear, deary me,” cried my mother, “what a disgrace upon the house! And your poor father sick!” In the meantime, we had no idea what to do to help the captain, nor any other thought but that he had got his death-hurt in the scuffle with the stranger. I got the rum, to be sure, and tried to put it down his throat, but his teeth were tightly shut and his jaws as strong as iron. It was a happy relief for us when the door opened and Doctor Livesey came in, on his visit to my father.</p>
<!-- /wp:paragraph -->

<!-- wp:paragraph -->
<p>“Oh, doctor,” we cried, “what shall we do? Where is he wounded?”</p>
<!-- /wp:paragraph -->

<!-- wp:paragraph -->
<p>“Wounded? A fiddle-stick’s end!” said the doctor. “No more wounded than you or I. The man has had a stroke, as I warned him. Now, Mrs. Hawkins, just you run upstairs to your husband and tell him, if possible, nothing about it. For my part, I must do my best to save this fellow’s trebly worthless life; Jim, you get me a basin.”</p>
<!-- /wp:paragraph -->

<!-- wp:paragraph -->
<p>When I got back with the basin, the doctor had already ripped up the captain’s sleeve and exposed his great sinewy arm. It was tattooed in several places. “Here’s luck,” “A fair wind,” and “Billy Bones his fancy,” were very neatly and clearly executed on the forearm; and up near the shoulder there was a sketch of a gallows and a man hanging from it—done, as I thought, with great spirit.</p>
<!-- /wp:paragraph -->

<!-- wp:paragraph -->
<p>“Prophetic,” said the doctor, touching this picture with his finger. “And now, Master Billy Bones, if that be your name, we’ll have a look at the colour of your blood. Jim,” he said, “are you afraid of blood?”</p>
<!-- /wp:paragraph -->

<!-- wp:paragraph -->
<p>“No, sir,” said I.</p>
<!-- /wp:paragraph -->

<!-- wp:paragraph -->
<p>“Well, then,” said he, “you hold the basin”; and with that he took his lancet and opened a vein.</p>
<!-- /wp:paragraph -->

<!-- wp:paragraph -->
<p>A great deal of blood was taken before the captain opened his eyes and looked mistily about him. First he recognized the doctor with an unmistakable frown; then his glance fell upon me, and he looked relieved. But suddenly his colour changed, and he tried to raise himself, crying, “Where’s Black Dog?”</p>
<!-- /wp:paragraph -->

<!-- wp:paragraph -->
<p>“There is no Black Dog here,” said the doctor, “except what you have on your own back. You have been drinking rum; you have had a stroke, precisely as I told you; and I have just, very much against my own will, dragged you headforemost out of the grave. Now, Mr. Bones——”</p>
<!-- /wp:paragraph -->

<!-- wp:paragraph -->
<p>“That’s not my name,” he interrupted.</p>
<!-- /wp:paragraph -->

<!-- wp:paragraph -->
<p>“Much I care,” returned the doctor. “It’s the name of a buccaneer of my acquaintance; and I call you by it for the sake of shortness, and what I have to say to you is this: one glass of rum won’t kill you, but if you take one you’ll take another and another, and I stake my wig if you don’t break off short, you’ll die—do you understand that?—die, and go to your own place, like the man in the Bible. Come, now, make an effort. I’ll help you to your bed for once.”</p>
<!-- /wp:paragraph -->

<!-- wp:paragraph -->
<p>Between us, with much trouble, we managed to hoist him upstairs, and laid him on his bed, where his head fell back on the pillow as if he were almost fainting.</p>
<!-- /wp:paragraph -->

<!-- wp:paragraph -->
<p>“Now, mind you,” said the doctor, “I clear my conscience—the name of rum for you is death.”</p>
<!-- /wp:paragraph -->

<!-- wp:paragraph -->
<p>And with that he went off to see my father, taking me with him by the arm.</p>
<!-- /wp:paragraph -->

<!-- wp:paragraph -->
<p>“This is nothing,” he said as soon as he had closed the door. “I have drawn blood enough to keep him quiet awhile; he should lie for a week where he is—that is the best thing for him and you; but another stroke would settle him.”</p>
<!-- /wp:paragraph -->]]></content:encoded>
		<excerpt:encoded><![CDATA[]]></excerpt:encoded>
		<wp:post_id>344</wp:post_id>
		<wp:post_date><![CDATA[2020-07-10 15:02:49]]></wp:post_date>
		<wp:post_date_gmt><![CDATA[2020-07-10 15:02:49]]></wp:post_date_gmt>
		<wp:comment_status><![CDATA[open]]></wp:comment_status>
		<wp:ping_status><![CDATA[open]]></wp:ping_status>
		<wp:post_name><![CDATA[chapter-2]]></wp:post_name>
		<wp:status><![CDATA[publish]]></wp:status>
		<wp:post_parent>0</wp:post_parent>
		<wp:menu_order>0</wp:menu_order>
		<wp:post_type><![CDATA[post]]></wp:post_type>
		<wp:post_password><![CDATA[]]></wp:post_password>
		<wp:is_sticky>0</wp:is_sticky>
										<category domain="post_tag" nicename="chapter-2"><![CDATA[chapter-2]]></category>
		<category domain="post_tag" nicename="eng"><![CDATA[eng]]></category>
		<category domain="category" nicename="treasure-island"><![CDATA[Treasure island]]></category>
						</item>
					<item>
		<title>Capitolo 2</title>
		<link>http://www.wptest.me/index.php/2020/07/10/capitolo-2/</link>
		<pubDate>Fri, 10 Jul 2020 15:05:06 +0000</pubDate>
		<dc:creator><![CDATA[alessio]]></dc:creator>
		<guid isPermaLink="false">http://www.wptest.me/?p=346</guid>
		<description></description>
		<content:encoded><![CDATA[<!-- wp:paragraph -->
<p><em><strong>Can-nero appare e scompare</strong></em></p>
<!-- /wp:paragraph -->

<!-- wp:paragraph -->
<p>Poco tempo dopo ciò, capitò il primo di quei misteriosi eventi che dovevano finalmente sbarazzarci del capitano se pure non, come vedremo, delle conseguenze della sua presenza. Cominciava allora un rigidissimo inverno, con lunghe aspre gelate e violente bufere; e fin dal principio apparve chiaro che il mio povero padre difficilmente avrebbe visto la primavera. Di giorno in giorno declinava, e mia madre ed io, con sulle braccia il peso dell'albergo, eravamo troppo occupati per prestare attenzione al nostro fastidioso ospite.</p>
<!-- /wp:paragraph -->

<!-- wp:paragraph -->
<p>Era un mattino di gennaio, assai per tempo, con un freddo che passava le ossa, e tutta la baia biancheggiava di brina; le onde baciavano dolcemente i ciottoli della riva, e il sole ancora basso dorava appena la cresta delle colline e riluceva lontano sul mare.Il capitano alzatosi più presto del solito era sceso alla spiaggia col suo coltellaccio dondolante sotto le larghe falde del suo abito blu, il cannocchiale sotto l'ascella, e il tricorno buttato indietro sulla nuca. Vedo ancora il suo alito ondeggiare in aria dietro a lui come fumo mentre egli si allontanava rapidamente.L'ultimo suono che giunse ai miei orecchi mentre egli girava dietro la grande rupe, fu un potente sbuffo d'ira, come se egli ancora fosse travagliato dal pensiero del dottor Livesey.</p>
<!-- /wp:paragraph -->

<!-- wp:paragraph -->
<p>Mia madre era in quel momento disopra col babbo; ed io stavo apparecchiando la tavola per la colazione del capitano, quando l'uscio della sala si aprì, ed uno sconosciuto si fece avanti. Era pallido come cera; due dita gli mancavano alla mano sinistra; e, per quanto portasse un coltellaccio, non pareva troppo aggressivo. Ma io dovevo pur tener d'occhio la gente di mare, sia con una sola gamba che con due, e quella apparizione mi sconcertò. Egli non aveva l'aria di marinaio; pure, non so quale aroma marino lo circondava.</p>
<!-- /wp:paragraph -->

<!-- wp:paragraph -->
<p>Alla mia domanda cosa volesse, rispose ordinando del rum; ma, mentre andavo a prenderlo, sedette a un tavolo e mi richiamò. Io mi fermai col tovagliolo in mano.</p>
<!-- /wp:paragraph -->

<!-- wp:paragraph -->
<p>"Vieni qui, ragazzo" disse lui. "Qui, più vicino." </p>
<!-- /wp:paragraph -->

<!-- wp:paragraph -->
<p>Io mi avvicinai di un passo.</p>
<!-- /wp:paragraph -->

<!-- wp:paragraph -->
<p>"E' questa qui la tavola del mio amico Bill?" chiese con una strizzatina d'occhi.</p>
<!-- /wp:paragraph -->

<!-- wp:paragraph -->
<p>Risposi che io il suo compagno Bill non lo conoscevo, e quella tavola era per una persona che dimorava presso di noi, e che noi chiamavamo il capitano.</p>
<!-- /wp:paragraph -->

<!-- wp:paragraph -->
<p>"Perfettamente" fece lui. "Il mio compagno Bill può anche farsi chiamar capitano se così gli aggrada. Ha un taglio su una guancia, e maniere molto gentili, specie quando ha trincato, il mio compagno Bill. Mettiamo, per modo di dire, che il tuo capitano abbia una cicatrice su una guancia; mettiamo, per modo di dire, che questa guancia sia la destra. Eh? Che ti dicevo io? E adesso, sentiamo ancora: il mio amico Bill è in casa?" </p>
<!-- /wp:paragraph -->

<!-- wp:paragraph -->
<p>Risposi che era uscito per una passeggiata.</p>
<!-- /wp:paragraph -->

<!-- wp:paragraph -->
<p>"Da che parte, ragazzo mio? Da che parte ha preso?" </p>
<!-- /wp:paragraph -->

<!-- wp:paragraph -->
<p>Gli indicai la rupe aggiungendo che il capitano sarebbe stato presto di ritorno; e dopo che ebbi risposto a varie altre domande: "Ah" disse lui "questo gli farà prò come un buon bicchiere, al mio camerata Bill." </p>
<!-- /wp:paragraph -->

<!-- wp:paragraph -->
<p>L'espressione del suo viso, pronunciando tali parole, era tutt'altro che amabile, ed io avevo le mie buone ragioni per pensare che lo straniero si sbagliava, dato che intendeva parlar sul serio. Ma ciò non mi riguardava: e d'altra parte, che avrei fatto? Egli rimase lì, attaccato all'uscio, sorvegliando l'angolo della rupe come il gatto che aspetta il sorcio. Ad un certo punto io scappai sulla strada, ma subito mi richiamò, e siccome io tardavo un po' a ubbidire, il suo pallido volto prese un'espressione feroce, e con una bestemmia che mi fece sobbalzare, mi comandò di rientrare. Appena fui lì, tornò alle maniere di prima, tra lusinghiere e beffarde, mi batté sulla spalla, mi disse ch'ero un bravo ragazzo e che s'era innamorato di me. "Ho io stesso un figliolo che ti assomiglia come due gocce d'acqua, ed è tutto il mio orgoglio. Ma l'importante per i ragazzi è la disciplina, piccolo mio, la disciplina. Se tu, per esempio, avessi navigato con Bill, non ti saresti fatto chiamar due volte, no di certo. Non era questo il metodo di Bill né di chi navigava con lui. Ma ecco il mio compagno Bill, sicuramente, col suo cannocchiale sotto il braccio, Dio lo benedica, è lui senza dubbio. Rientriamo, piccolo mio, e mettiamoci dietro la porta: gli faremo una piccola sorpresa a Bill, Dio lo benedica ancora una volta." </p>
<!-- /wp:paragraph -->

<!-- wp:paragraph -->
<p>Così dicendo lo sconosciuto mi sospinse nella sala e mi ficcò nell'angolo dietro a sé in modo che rimanessimo nascosti dalla porta aperta. Io ero inquieto e assai intimorito, come si può immaginare, e la mia paura era accresciuta dal vedere che lo stesso sconosciuto tremava a sua volta. Egli liberò l'impugnatura del coltellaccio, provò a rimuovere la lama nel fodero, e durante tutta l'attesa seguitò a trangugiar saliva quasi avesse, come si suol dire, un rospo in gola.</p>
<!-- /wp:paragraph -->

<!-- wp:paragraph -->
<p>Finalmente il capitano entrò sbattendo la porta dietro le spalle, e senza guardare né a destra né a sinistra attraversò difilato la sala dirigendosi alla tavola apparecchiata per la sua colazione.</p>
<!-- /wp:paragraph -->

<!-- wp:paragraph -->
<p>"Bill" fece lo sconosciuto con una voce che mi parve si sforzasse d'essere ferma e animosa.</p>
<!-- /wp:paragraph -->

<!-- wp:paragraph -->
<p>Il capitano girò sui calcagni e guardò verso noi: il sangue sparì dalla sua faccia che diventò livida fino alla punta del naso: egli aveva l'aria d'uno che s'imbatta in uno spettro, o nel diavolo, o in qualcosa di peggio, se un qualcosa di peggio vi fosse; e io confesso che provai un senso di pietà a vederlo d'improvviso così invecchiato e disfatto.</p>
<!-- /wp:paragraph -->

<!-- wp:paragraph -->
<p>"Vieni qua, Bill, vieni qua. Tu mi riconosci, non è vero? Il tuo vecchio camerata di bordo lo riconosci bene!" Il capitano respirò convulso.</p>
<!-- /wp:paragraph -->

<!-- wp:paragraph -->
<p>Il capitano fece una sorta di respiro.</p>
<!-- /wp:paragraph -->

<!-- wp:paragraph -->
<p>"Can-Nero!" disse.</p>
<!-- /wp:paragraph -->

<!-- wp:paragraph -->
<p>"E chi altri vorresti che fossi?" replicò lo straniero sensibilmente rassicurato. "Can-Nero meglio che mai, venuto a salutare il suo vecchio camerata Bill all'albergo dell''Ammiraglio Benbow'. Ah, Bill, visto, qualcosa abbiamo visto, noi due, dopo che io ci lasciai questi due artigli" soggiunse alzando la mano mutilata.</p>
<!-- /wp:paragraph -->

<!-- wp:paragraph -->
<p>"Bene, vediamo" disse il capitano. "Tu mi hai ripescato; eccomi, e dunque parla. Che c'è?" </p>
<!-- /wp:paragraph -->

<!-- wp:paragraph -->
<p>"Sei ben tu" replicò Can-Nero. "Non c'è sbaglio, Bill. Io voglio farmi servire un bicchiere di rum da questo caro ragazzo che ho preso in simpatia, e noi ci metteremo a sedere, se così ti piace, e parleremo schietto, come conviene a vecchi amici di bordo." </p>
<!-- /wp:paragraph -->

<!-- wp:paragraph -->
<p>Quando io rientrai col rum, essi stavano già seduti; l'uno da un lato, l'altro dall'altro della tavola del capitano: Can-Nero vicino alla porta, di sbieco, in maniera da poter tener d'occhio il suo vecchio compagno e, così mi sembrò, sorvegliare insieme la propria linea di ritirata.</p>
<!-- /wp:paragraph -->

<!-- wp:paragraph -->
<p>Costui mi ordinò di andarmene e di lasciare la porta spalancata."I buchi delle serrature non sono di mio gusto, ragazzo mio!" aggiunse. Io li lasciai soli, e mi ritirai nel bar.</p>
<!-- /wp:paragraph -->

<!-- wp:paragraph -->
<p>Di lì, pur facendo del mio meglio per ascoltare, io per un pezzo non sentii se non un sommesso parlottare, ma alla fine le voci si alzarono e potei cogliere una o due parole, per lo più bestemmie, del capitano.</p>
<!-- /wp:paragraph -->

<!-- wp:paragraph -->
<p>"No, no, no, no; e basta!" gridò una prima volta. E poi: "Se finisce con la forca, sarà la forca per tutti, dico io!".</p>
<!-- /wp:paragraph -->

<!-- wp:paragraph -->
<p>D'un tratto una formidabile esplosione di bestemmie mescolata con altri rumori: tavola e sedie che si rovesciavano, un tintinnìo di lame, e infine un urlo di dolore, dopo di che vidi Can-Nero fuggire a precipizio e il capitano corrergli alle calcagna, tutt'e due col coltellaccio alla mano, ed il primo che versava sangue dalla spalla sinistra. Arrivato alla porta, il capitano vibrò al fuggitivo un ultimo tremendo fendente che gli avrebbe certamente spaccato la schiena in due se l'arma non si fosse intoppata nello spessore dell'insegna dell'"Ammiraglio Benbow", incidendo nell'orlo inferiore dell'asse una tacca che tuttora è visibile.</p>
<!-- /wp:paragraph -->

<!-- wp:paragraph -->
<p>Quel colpo fu l'ultimo dello scontro. Non appena nella strada, Can-Nero, malgrado la ferita, mise le ali ai piedi, e in mezzo minuto si dileguò dietro il corno della collina. Il capitano dal canto suo restò lì accanto all'insegna impalato e come inebetito. Si passò più volte la mano sugli occhi, e alfine si decise a rientrare.</p>
<!-- /wp:paragraph -->

<!-- wp:paragraph -->
<p>"Jim, del rum!" E mentre così diceva, vacillava un poco, e con una mano si appoggiava al muro. "Siete ferito?" gridai.</p>
<!-- /wp:paragraph -->

<!-- wp:paragraph -->
<p>"Del rum!" ripeté. "Devo andar via. Del rum! Del rum!" </p>
<!-- /wp:paragraph -->

<!-- wp:paragraph -->
<p>Io corsi a prenderne; ma ero talmente sconvolto che ruppi un bicchiere e guastai il rubinetto, e mentre ero così intrigato sentii come un tonfo sordo nella sala; volai e trovai il capitano disteso lungo per terra. Nello stesso tempo mia madre, allarmata dalle grida e dallo strepito della zuffa, s'era precipitata giù per aiutarmi. Fra tutti e due gli sollevammo il capo. Egli respirava forte, affannosamente; i suoi occhi erano chiusi, il viso terreo.</p>
<!-- /wp:paragraph -->

<!-- wp:paragraph -->
<p>"Mio Dio, mio Dio!" gridò mia madre. "Che sventura per la nostra casa! E il tuo povero padre infermo!" Frattanto non sapevamo che fare, per soccorrere il capitano, convinti com'eravamo, che nello scontro con lo sconosciuto avesse ricevuto un colpo mortale. Presi il rum, nondimeno, e cercai di fargliene entrare un po' in gola, ma i suoi denti erano serrati e le mascelle dure come ferro. Un sollievo fu per noi quando la porta si aprì e il dottor Livesey entrò per la solita visita a mio padre.</p>
<!-- /wp:paragraph -->

<!-- wp:paragraph -->
<p>"Oh, dottore" gridammo "che c'è da fare? Dov'è ferito?" </p>
<!-- /wp:paragraph -->

<!-- wp:paragraph -->
<p>"Ferito? Storie!" disse il dottore. "Non più ferito di me o di voi. Ha avuto un colpo, come gli avevo predetto. Via, signora Hawkins, risalite da vostro marito, e, se possibile, non raccontategli nulla. Quanto a me, devo far del mio meglio per salvar la vita tre volte indegna di questo miserabile; e Jim qui mi porterà un catino." </p>
<!-- /wp:paragraph -->

<!-- wp:paragraph -->
<p>Quando io tornai col catino, il dottore aveva già rimboccato la manica del capitano e messo a nudo il suo grosso e muscoloso braccio. Esso era cosparso di tatuaggi. "Ecco la fortuna", "Buon vento", "Billy Bones se ne infischia" si leggeva molto chiaramente su l'avambraccio; e sopra, vicino alla spalla, si vedeva una forca, con un uomo appeso: scena resa, a parer mio, con grande bravura.</p>
<!-- /wp:paragraph -->

<!-- wp:paragraph -->
<p>"Profetico!" esclamò il dottore toccando con la punta del dito il tatuaggio. "E ora, mastro Billy Bones, se questo è il vostro nome, vediamo un po' il colore del vostro sangue. Jim, hai paura del sangue?" </p>
<!-- /wp:paragraph -->

<!-- wp:paragraph -->
<p>"No, signore." </p>
<!-- /wp:paragraph -->

<!-- wp:paragraph -->
<p>"Bene. Allora tieni il catino." E ciò dicendo tirò fuori la lancetta e aprì una vena.</p>
<!-- /wp:paragraph -->

<!-- wp:paragraph -->
<p>Non poco sangue si dovette cavare allo sciagurato prima ch'egli aprisse gli occhi e volgesse intorno il suo sguardo annebbiato. Prima riconobbe il dottore, con un brusco aggrottar di ciglia; poi posò gli occhi su me, e apparve confortato. Ma d'improvviso cambiò colore, e tentò di alzarsi gridando: "Dov'è Can-Nero?" </p>
<!-- /wp:paragraph -->

<!-- wp:paragraph -->
<p>"Non c'è nessun Can-Nero, qui" disse il dottore "all'infuori di quello che vi frulla per il capo. Avete bevuto del rum, voi, e vi ha preso un colpo, precisamente come vi avevo predetto, ed io vi ho tratto or ora mio malgrado dalla fossa dove stavate già con un piede. E adesso, signor Bones..." </p>
<!-- /wp:paragraph -->

<!-- wp:paragraph -->
<p>"Non è questo il mio nome" interruppe lui.</p>
<!-- /wp:paragraph -->

<!-- wp:paragraph -->
<p>"Non importa" ribatté il dottore. "E' il nome d'un filibustiere di mia conoscenza, ed io vi chiamo così per far presto, ed ecco cosa desidero dirvi: un bicchiere di rum non vi ammazzerà: ma se voi ne berrete uno, ne berrete certo un altro e poi un altro; ed io scommetto la mia parrucca che se non vi decidete a troncar di netto, morirete, capite? mo-ri-re-te, e ve ne andrete diritto al Creatore come l'uomo della Bibbia. Su, fate uno sforzo. Vi aiuterò a mettervi a letto, per questa volta." </p>
<!-- /wp:paragraph -->

<!-- wp:paragraph -->
<p>Con non poca fatica riuscimmo a trasportarlo al piano di sopra e lo adagiammo sul suo letto. Il suo capo ripiombò sul guanciale come se egli dovesse svenire.</p>
<!-- /wp:paragraph -->

<!-- wp:paragraph -->
<p>"Dunque" aggiunse il dottore "ricordatevi bene: ve lo dico per scarico di coscienza: rum per voi significa morte." </p>
<!-- /wp:paragraph -->

<!-- wp:paragraph -->
<p>Detto ciò, prendendomi per un braccio, uscì per vedere mio padre.</p>
<!-- /wp:paragraph -->

<!-- wp:paragraph -->
<p>"Non è nulla" mi disse appena fuori dell'uscio. "Gli ho cavato sangue abbastanza perché possa stare un poco tranquillo. Il meglio per lui e per voi sarebbe che rimanesse una settimana dov'è. Ma se lo coglie un altro colpo, è finita."</p>
<!-- /wp:paragraph -->]]></content:encoded>
		<excerpt:encoded><![CDATA[]]></excerpt:encoded>
		<wp:post_id>346</wp:post_id>
		<wp:post_date><![CDATA[2020-07-10 15:05:06]]></wp:post_date>
		<wp:post_date_gmt><![CDATA[2020-07-10 15:05:06]]></wp:post_date_gmt>
		<wp:comment_status><![CDATA[open]]></wp:comment_status>
		<wp:ping_status><![CDATA[open]]></wp:ping_status>
		<wp:post_name><![CDATA[capitolo-2]]></wp:post_name>
		<wp:status><![CDATA[publish]]></wp:status>
		<wp:post_parent>0</wp:post_parent>
		<wp:menu_order>0</wp:menu_order>
		<wp:post_type><![CDATA[post]]></wp:post_type>
		<wp:post_password><![CDATA[]]></wp:post_password>
		<wp:is_sticky>0</wp:is_sticky>
										<category domain="post_tag" nicename="chapter-2"><![CDATA[chapter-2]]></category>
		<category domain="post_tag" nicename="ita"><![CDATA[ita]]></category>
		<category domain="category" nicename="treasure-island"><![CDATA[Treasure island]]></category>
						</item>
				</channel>
</rss>
	