"meta_id","post_id","meta_key","meta_value"
769,97,_wp_attached_file,"2020/07/a-217.mp3"
770,98,_wp_attached_file,"2020/07/a-223.mp3"
771,99,_wp_attached_file,"2020/07/a-221.mp3"
772,100,_wp_attached_file,"2020/07/a-94.mp3"
773,101,_wp_attached_file,"2020/07/a-183.mp3"
774,102,_wp_attached_file,"2020/07/a-77.mp3"
775,103,_wp_attached_file,"2020/07/a-167.mp3"
776,104,_wp_attached_file,"2020/07/a-272.mp3"
777,105,_wp_attached_file,"2020/07/a-78.mp3"
778,106,_wp_attached_file,"2020/07/a-127.mp3"
779,107,_wp_attached_file,"2020/07/a-140.mp3"
780,108,_wp_attached_file,"2020/07/a-264.mp3"
781,109,_wp_attached_file,"2020/07/a-222.mp3"
782,110,_wp_attached_file,"2020/07/a-228.mp3"
783,111,_wp_attached_file,"2020/07/a-41.mp3"
784,112,_wp_attached_file,"2020/07/a-85.mp3"
785,113,_wp_attached_file,"2020/07/a-227.mp3"
786,114,_wp_attached_file,"2020/07/a-252.mp3"
787,115,_wp_attached_file,"2020/07/a-68.mp3"
788,116,_wp_attached_file,"2020/07/a-277.mp3"
789,117,_wp_attached_file,"2020/07/a-80.mp3"
790,118,_wp_attached_file,"2020/07/a-88.mp3"
791,119,_wp_attached_file,"2020/07/a-276.mp3"
792,120,_wp_attached_file,"2020/07/a-168.mp3"
793,121,_wp_attached_file,"2020/07/a-150.mp3"
794,122,_wp_attached_file,"2020/07/a-242.mp3"
795,123,_wp_attached_file,"2020/07/a-244.mp3"
796,124,_wp_attached_file,"2020/07/a-273.mp3"
797,125,_wp_attached_file,"2020/07/a-76.mp3"
798,126,_wp_attached_file,"2020/07/a-185.mp3"
799,127,_wp_attached_file,"2020/07/a-83.mp3"
800,128,_wp_attached_file,"2020/07/a-255.mp3"
801,129,_wp_attached_file,"2020/07/a-72.mp3"
802,130,_wp_attached_file,"2020/07/a-248.mp3"
803,131,_wp_attached_file,"2020/07/a-170.mp3"
804,132,_wp_attached_file,"2020/07/a-65.mp3"
805,133,_wp_attached_file,"2020/07/a-157.mp3"
806,134,_wp_attached_file,"2020/07/a-263.mp3"
807,135,_wp_attached_file,"2020/07/a-210.mp3"
808,136,_wp_attached_file,"2020/07/a-122.mp3"
809,137,_wp_attached_file,"2020/07/a-74.mp3"
810,138,_wp_attached_file,"2020/07/a-84.mp3"
811,139,_wp_attached_file,"2020/07/a-169.mp3"
812,140,_wp_attached_file,"2020/07/a-193.mp3"
813,141,_wp_attached_file,"2020/07/a-44.mp3"
814,142,_wp_attached_file,"2020/07/a-69.mp3"
815,143,_wp_attached_file,"2020/07/a-166.mp3"
816,144,_wp_attached_file,"2020/07/a-131.mp3"
817,145,_wp_attached_file,"2020/07/a-135.mp3"
818,146,_wp_attached_file,"2020/07/a-107.mp3"
819,147,_wp_attached_file,"2020/07/a-124.mp3"
820,148,_wp_attached_file,"2020/07/a-243.mp3"
821,149,_wp_attached_file,"2020/07/a-211.mp3"
822,150,_wp_attached_file,"2020/07/a-207.mp3"
823,151,_wp_attached_file,"2020/07/a-79.mp3"
824,152,_wp_attached_file,"2020/07/a-256.mp3"
825,153,_wp_attached_file,"2020/07/a-179.mp3"
826,154,_wp_attached_file,"2020/07/a-214.mp3"
827,155,_wp_attached_file,"2020/07/a-57.mp3"
828,156,_wp_attached_file,"2020/07/a-225.mp3"
829,157,_wp_attached_file,"2020/07/a-102.mp3"
830,158,_wp_attached_file,"2020/07/a-132.mp3"
831,159,_wp_attached_file,"2020/07/a-89.mp3"
832,160,_wp_attached_file,"2020/07/a-220.mp3"
833,161,_wp_attached_file,"2020/07/a-97.mp3"
834,162,_wp_attached_file,"2020/07/a-281.mp3"
835,163,_wp_attached_file,"2020/07/a-59.mp3"
836,164,_wp_attached_file,"2020/07/a-200.mp3"
837,165,_wp_attached_file,"2020/07/a-208.mp3"
838,166,_wp_attached_file,"2020/07/a-111.mp3"
839,167,_wp_attached_file,"2020/07/a-189.mp3"
840,168,_wp_attached_file,"2020/07/a-56.mp3"
841,169,_wp_attached_file,"2020/07/a-226.mp3"
842,170,_wp_attached_file,"2020/07/a-202.mp3"
843,171,_wp_attached_file,"2020/07/a-154.mp3"
844,172,_wp_attached_file,"2020/07/a-123.mp3"
845,173,_wp_attached_file,"2020/07/a-71.mp3"
846,174,_wp_attached_file,"2020/07/a-177.mp3"
847,175,_wp_attached_file,"2020/07/a-205.mp3"
848,176,_wp_attached_file,"2020/07/a-117.mp3"
849,177,_wp_attached_file,"2020/07/a-139.mp3"
850,178,_wp_attached_file,"2020/07/a-197.mp3"
851,179,_wp_attached_file,"2020/07/a-58.mp3"
852,180,_wp_attached_file,"2020/07/a-251.mp3"
853,181,_wp_attached_file,"2020/07/a-90.mp3"
854,182,_wp_attached_file,"2020/07/a-216.mp3"
855,183,_wp_attached_file,"2020/07/a-153.mp3"
856,184,_wp_attached_file,"2020/07/a-73.mp3"
857,185,_wp_attached_file,"2020/07/a-267.mp3"
858,186,_wp_attached_file,"2020/07/a-206.mp3"
859,187,_wp_attached_file,"2020/07/a-92.mp3"
860,188,_wp_attached_file,"2020/07/a-283.mp3"
861,189,_wp_attached_file,"2020/07/a-261.mp3"
862,190,_wp_attached_file,"2020/07/a-180.mp3"
863,191,_wp_attached_file,"2020/07/a-45.mp3"
864,192,_wp_attached_file,"2020/07/a-155.mp3"
865,193,_wp_attached_file,"2020/07/a-112.mp3"
866,194,_wp_attached_file,"2020/07/a-82.mp3"
867,195,_wp_attached_file,"2020/07/a-258.mp3"
868,196,_wp_attached_file,"2020/07/a-229.mp3"
869,197,_wp_attached_file,"2020/07/a-142.mp3"
870,198,_wp_attached_file,"2020/07/a-66.mp3"
871,199,_wp_attached_file,"2020/07/a-87.mp3"
872,200,_wp_attached_file,"2020/07/a-188.mp3"
873,201,_wp_attached_file,"2020/07/a-126.mp3"
874,202,_wp_attached_file,"2020/07/a-239.mp3"
875,203,_wp_attached_file,"2020/07/a-134.mp3"
876,204,_wp_attached_file,"2020/07/a-201.mp3"
877,205,_wp_attached_file,"2020/07/a-86.mp3"
878,206,_wp_attached_file,"2020/07/a-81.mp3"
879,207,_wp_attached_file,"2020/07/a-151.mp3"
880,208,_wp_attached_file,"2020/07/a-110.mp3"
881,209,_wp_attached_file,"2020/07/a-67.mp3"
882,210,_wp_attached_file,"2020/07/a-105.mp3"
883,211,_wp_attached_file,"2020/07/a-162.mp3"
884,212,_wp_attached_file,"2020/07/a-254.mp3"
885,213,_wp_attached_file,"2020/07/a-262.mp3"
886,214,_wp_attached_file,"2020/07/a-219.mp3"
887,215,_wp_attached_file,"2020/07/a-190.mp3"
888,216,_wp_attached_file,"2020/07/a-203.mp3"
889,217,_wp_attached_file,"2020/07/a-250.mp3"
890,218,_wp_attached_file,"2020/07/a-75.mp3"
891,219,_wp_attached_file,"2020/07/a-269.mp3"
892,220,_wp_attached_file,"2020/07/a-156.mp3"
893,221,_wp_attached_file,"2020/07/a-49.mp3"
894,222,_wp_attached_file,"2020/07/a-52.mp3"
895,223,_wp_attached_file,"2020/07/a-109.mp3"
896,224,_wp_attached_file,"2020/07/a-161.mp3"
897,225,_wp_attached_file,"2020/07/a-130.mp3"
898,226,_wp_attached_file,"2020/07/a-51.mp3"
899,227,_wp_attached_file,"2020/07/a-279.mp3"
900,228,_wp_attached_file,"2020/07/a-194.mp3"
901,229,_wp_attached_file,"2020/07/a-199.mp3"
902,230,_wp_attached_file,"2020/07/a-104.mp3"
903,231,_wp_attached_file,"2020/07/a-249.mp3"
904,232,_wp_attached_file,"2020/07/a-268.mp3"
905,233,_wp_attached_file,"2020/07/a-101.mp3"
906,234,_wp_attached_file,"2020/07/a-98.mp3"
907,235,_wp_attached_file,"2020/07/a-270.mp3"
908,236,_wp_attached_file,"2020/07/a-133.mp3"
909,237,_wp_attached_file,"2020/07/a-53.mp3"
910,238,_wp_attached_file,"2020/07/a-175.mp3"
911,239,_wp_attached_file,"2020/07/a-174.mp3"
912,240,_wp_attached_file,"2020/07/a-278.mp3"
913,241,_wp_attached_file,"2020/07/a-50.mp3"
914,242,_wp_attached_file,"2020/07/a-121.mp3"
915,243,_wp_attached_file,"2020/07/a-224.mp3"
916,244,_wp_attached_file,"2020/07/a-93.mp3"
917,245,_wp_attached_file,"2020/07/a-195.mp3"
918,246,_wp_attached_file,"2020/07/a-181.mp3"
919,247,_wp_attached_file,"2020/07/a-165.mp3"
920,248,_wp_attached_file,"2020/07/a-266.mp3"
921,249,_wp_attached_file,"2020/07/a-245.mp3"
922,250,_wp_attached_file,"2020/07/a-275.mp3"
923,251,_wp_attached_file,"2020/07/a-54.mp3"
924,252,_wp_attached_file,"2020/07/a-213.mp3"
925,253,_wp_attached_file,"2020/07/a-236.mp3"
926,254,_wp_attached_file,"2020/07/a-232.mp3"
927,255,_wp_attached_file,"2020/07/a-103.mp3"
928,256,_wp_attached_file,"2020/07/a-237.mp3"
929,257,_wp_attached_file,"2020/07/a-106.mp3"
930,258,_wp_attached_file,"2020/07/a-100.mp3"
931,259,_wp_attached_file,"2020/07/a-184.mp3"
932,260,_wp_attached_file,"2020/07/a-187.mp3"
933,261,_wp_attached_file,"2020/07/a-274.mp3"
934,262,_wp_attached_file,"2020/07/a-246.mp3"
935,263,_wp_attached_file,"2020/07/a-129.mp3"
936,264,_wp_attached_file,"2020/07/a-95.mp3"
937,265,_wp_attached_file,"2020/07/a-160.mp3"
938,266,_wp_attached_file,"2020/07/a-91.mp3"
939,267,_wp_attached_file,"2020/07/a-271.mp3"
940,268,_wp_attached_file,"2020/07/a-284.mp3"
941,269,_wp_attached_file,"2020/07/a-171.mp3"
942,270,_wp_attached_file,"2020/07/a-119.mp3"
943,271,_wp_attached_file,"2020/07/a-152.mp3"
944,272,_wp_attached_file,"2020/07/a-158.mp3"
945,273,_wp_attached_file,"2020/07/a-137.mp3"
946,274,_wp_attached_file,"2020/07/a-46.mp3"
947,275,_wp_attached_file,"2020/07/a-163.mp3"
948,276,_wp_attached_file,"2020/07/a-178.mp3"
949,277,_wp_attached_file,"2020/07/a-192.mp3"
950,278,_wp_attached_file,"2020/07/a-108.mp3"
951,279,_wp_attached_file,"2020/07/a-96.mp3"
952,280,_wp_attached_file,"2020/07/a-47.mp3"
953,281,_wp_attached_file,"2020/07/a-145.mp3"
954,282,_wp_attached_file,"2020/07/a-48.mp3"
955,283,_wp_attached_file,"2020/07/a-209.mp3"
956,284,_wp_attached_file,"2020/07/a-259.mp3"
957,285,_wp_attached_file,"2020/07/a-148.mp3"
958,286,_wp_attached_file,"2020/07/a-233.mp3"
959,287,_wp_attached_file,"2020/07/a-182.mp3"
960,288,_wp_attached_file,"2020/07/a-116.mp3"
961,289,_wp_attached_file,"2020/07/a-118.mp3"
962,290,_wp_attached_file,"2020/07/a-70.mp3"
963,291,_wp_attached_file,"2020/07/a-204.mp3"
964,292,_wp_attached_file,"2020/07/a-128.mp3"
965,293,_wp_attached_file,"2020/07/a-136.mp3"
966,294,_wp_attached_file,"2020/07/a-141.mp3"
967,295,_wp_attached_file,"2020/07/a-212.mp3"
968,296,_wp_attached_file,"2020/07/a-144.mp3"
969,297,_wp_attached_file,"2020/07/a-159.mp3"
970,298,_wp_attached_file,"2020/07/a-247.mp3"
971,299,_wp_attached_file,"2020/07/a-253.mp3"
972,300,_wp_attached_file,"2020/07/a-240.mp3"
973,301,_wp_attached_file,"2020/07/a-120.mp3"
974,302,_wp_attached_file,"2020/07/a-55.mp3"
975,303,_wp_attached_file,"2020/07/a-265.mp3"
976,304,_wp_attached_file,"2020/07/a-176.mp3"
977,305,_wp_attached_file,"2020/07/a-64.mp3"
978,306,_wp_attached_file,"2020/07/a-191.mp3"
979,307,_wp_attached_file,"2020/07/a-257.mp3"
980,308,_wp_attached_file,"2020/07/a-173.mp3"
981,309,_wp_attached_file,"2020/07/a-60.mp3"
982,310,_wp_attached_file,"2020/07/a-149.mp3"
983,311,_wp_attached_file,"2020/07/a-280.mp3"
984,312,_wp_attached_file,"2020/07/a-282.mp3"
985,313,_wp_attached_file,"2020/07/a-147.mp3"
986,314,_wp_attached_file,"2020/07/a-146.mp3"
987,315,_wp_attached_file,"2020/07/a-215.mp3"
988,316,_wp_attached_file,"2020/07/a-113.mp3"
989,317,_wp_attached_file,"2020/07/a-260.mp3"
990,318,_wp_attached_file,"2020/07/a-186.mp3"
991,319,_wp_attached_file,"2020/07/a-138.mp3"
992,320,_wp_attached_file,"2020/07/a-196.mp3"
993,321,_wp_attached_file,"2020/07/a-234.mp3"
994,322,_wp_attached_file,"2020/07/a-235.mp3"
995,323,_wp_attached_file,"2020/07/a-241.mp3"
996,324,_wp_attached_file,"2020/07/a-115.mp3"
997,325,_wp_attached_file,"2020/07/a-61.mp3"
998,326,_wp_attached_file,"2020/07/a-42.mp3"
999,327,_wp_attached_file,"2020/07/a-99.mp3"
1000,328,_wp_attached_file,"2020/07/a-143.mp3"
1001,329,_wp_attached_file,"2020/07/a-63.mp3"
1002,330,_wp_attached_file,"2020/07/a-238.mp3"
1003,331,_wp_attached_file,"2020/07/a-172.mp3"
1004,332,_wp_attached_file,"2020/07/a-164.mp3"
1005,333,_wp_attached_file,"2020/07/a-230.mp3"
1006,334,_wp_attached_file,"2020/07/a-114.mp3"
1007,335,_wp_attached_file,"2020/07/a-218.mp3"
1008,336,_wp_attached_file,"2020/07/a-231.mp3"
1009,337,_wp_attached_file,"2020/07/a-62.mp3"
1010,338,_wp_attached_file,"2020/07/a-198.mp3"
1011,339,_wp_attached_file,"2020/07/a-43.mp3"
1012,340,_wp_attached_file,"2020/07/a-125.mp3"
